{"init_params": {"cat_dims": [3, 4, 4, 3], "cat_emb_dim": [1, 1, 1, 1], "cat_idxs": [8, 9, 10, 11], "clip_value": 1, "device_name": "auto", "epsilon": 1e-15, "gamma": 1.5, "grouped_features": [], "input_dim": 12, "lambda_sparse": 0.0001, "mask_type": "sparsemax", "momentum": 0.02, "n_a": 24, "n_d": 24, "n_indep_decoder": 1, "n_independent": 2, "n_shared": 2, "n_shared_decoder": 1, "n_steps": 3, "optimizer_params": {"lr": 0.02}, "output_dim": 2, "scheduler_fn": null, "scheduler_params": {}, "seed": 20250915, "verbose": 0}, "class_attrs": {"preds_mapper": {"0": 0, "1": 1}}}